ticker,base,quote,exchange,price,ask,bid,volume
eth-btc,eth,btc,binance,0.025752,0.025753,0.025752,226093.016
ltc-btc,ltc,btc,binance,0.00593,0.005932,0.00593,144282.43
bnb-btc,bnb,btc,binance,0.0021429,0.0021432,0.0021429,664411.3
neo-btc,neo,btc,binance,0.001128,0.001128,0.001126,286918.25
qtum-eth,qtum,eth,binance,0.007773,0.007777,0.007772,79220.77
eos-eth,eos,eth,binance,0.014006,0.014006,0.014,368232.06
snt-eth,snt,eth,binance,9.771e-05,9.801e-05,9.747e-05,3648754.0
bnt-eth,bnt,eth,binance,0.001127,0.001138,0.001126,382220.94
bcc-btc,bcc,btc,binance,0.0,0.0,0.0,0.0
gas-btc,gas,btc,binance,0.000161,0.0001612,0.000161,621559.41
bnb-eth,bnb,eth,binance,0.083174,0.083309,0.083173,60941.63
btc-usd,btc,usd,binance,7565.0,7565.0,7564.99,45367.688379
eth-usd,eth,usd,binance,194.82,194.83,194.82,810780.54989
hsr-btc,hsr,btc,binance,0.0,0.0,0.0,0.0
oax-eth,oax,eth,binance,0.0001871,0.0001901,0.0001875,239558.0
dnt-eth,dnt,eth,binance,0.0,0.0,0.0,0.0
mco-eth,mco,eth,binance,0.026301,0.026479,0.026275,6368.53
icn-eth,icn,eth,binance,0.0,0.0,0.0,0.0
mco-btc,mco,btc,binance,0.0006777,0.0006794,0.0006777,34099.23
wtc-btc,wtc,btc,binance,3.95e-05,3.95e-05,3.93e-05,2125224.15
wtc-eth,wtc,eth,binance,0.00153,0.001536,0.001527,37925.84
lrc-btc,lrc,btc,binance,4.22e-06,4.22e-06,4.21e-06,12643162.0
lrc-eth,lrc,eth,binance,0.0001644,0.00016533,0.00016377,1335235.0
qtum-btc,qtum,btc,binance,0.0002002,0.0002002,0.0002001,732444.31
yoyo-btc,yoyo,btc,binance,1.17e-06,1.18e-06,1.17e-06,7900719.0
omg-btc,omg,btc,binance,8.29e-05,8.31e-05,8.28e-05,387008.28
omg-eth,omg,eth,binance,0.003221,0.003233,0.003211,65920.99
zrx-btc,zrx,btc,binance,2.474e-05,2.475e-05,2.471e-05,4833472.0
zrx-eth,zrx,eth,binance,0.00095836,0.00096202,0.00095816,293411.0
strat-btc,strat,btc,binance,4.281e-05,4.281e-05,4.266e-05,788306.0
strat-eth,strat,eth,binance,0.001669,0.001669,0.001653,86041.06
sngls-btc,sngls,btc,binance,8.9e-07,8.9e-07,8.8e-07,12697006.0
sngls-eth,sngls,eth,binance,0.0,0.0,0.0,0.0
bqx-btc,bqx,btc,binance,3.85e-06,3.86e-06,3.85e-06,6229361.0
bqx-eth,bqx,eth,binance,0.0001504,0.0001504,0.0001492,139565.0
knc-btc,knc,btc,binance,7.561e-05,7.56e-05,7.543e-05,4644580.0
knc-eth,knc,eth,binance,0.0029348,0.002937,0.0029249,628708.0
fun-btc,fun,btc,binance,2.5e-07,2.6e-07,2.5e-07,20184711.0
fun-eth,fun,eth,binance,9.73e-06,9.75e-06,9.67e-06,6683934.0
snm-btc,snm,btc,binance,9.3e-07,9.4e-07,9.3e-07,48645815.0
snm-eth,snm,eth,binance,0.0,0.0,0.0,0.0
neo-eth,neo,eth,binance,0.043678,0.043865,0.04373,15117.29
iota-btc,iota,btc,binance,2.27e-05,2.271e-05,2.268e-05,4454036.0
iota-eth,iota,eth,binance,0.0008793,0.00088355,0.00087929,365532.0
link-btc,link,btc,binance,0.00050415,0.00050434,0.00050409,1348487.0
link-eth,link,eth,binance,0.01961066,0.01961029,0.01956387,187444.0
xvg-btc,xvg,btc,binance,3.8e-07,3.9e-07,3.8e-07,44731635.0
xvg-eth,xvg,eth,binance,1.509e-05,1.509e-05,1.497e-05,9416696.0
salt-btc,salt,btc,binance,0.0,0.0,0.0,0.0
salt-eth,salt,eth,binance,0.0,0.0,0.0,0.0
mda-btc,mda,btc,binance,4.636e-05,4.636e-05,4.631e-05,191792.0
mda-eth,mda,eth,binance,0.0018144,0.0018142,0.0017919,22115.0
mtl-btc,mtl,btc,binance,4.045e-05,4.044e-05,4.032e-05,3058660.0
mtl-eth,mtl,eth,binance,0.001565,0.001569,0.001563,153904.44
sub-btc,sub,btc,binance,0.0,0.0,0.0,0.0
sub-eth,sub,eth,binance,0.0,0.0,0.0,0.0
eos-btc,eos,btc,binance,0.0003607,0.0003607,0.0003605,1277919.67
snt-btc,snt,btc,binance,2.53e-06,2.53e-06,2.52e-06,37455085.0
etc-eth,etc,eth,binance,0.029265,0.029328,0.029251,13380.55
etc-btc,etc,btc,binance,0.0007542,0.0007544,0.0007541,325775.2
mth-btc,mth,btc,binance,7.5e-07,7.6e-07,7.5e-07,6203813.0
mth-eth,mth,eth,binance,0.0,0.0,0.0,0.0
eng-btc,eng,btc,binance,2.078e-05,2.078e-05,2.07e-05,1770089.0
eng-eth,eng,eth,binance,0.0008084,0.0008084,0.0008023,228189.0
dnt-btc,dnt,btc,binance,5.6e-07,5.7e-07,5.6e-07,6882779.0
zec-btc,zec,btc,binance,0.005996,0.006001,0.005993,40452.714
zec-eth,zec,eth,binance,0.23341,0.23341,0.23261,2503.434
bnt-btc,bnt,btc,binance,2.91e-05,2.91e-05,2.904e-05,2365590.0
ast-btc,ast,btc,binance,1.96e-06,1.97e-06,1.96e-06,1473773.0
ast-eth,ast,eth,binance,7.7e-05,7.72e-05,7.59e-05,102107.0
dash-btc,dash,btc,binance,0.011308,0.011311,0.011308,18725.729
dash-eth,dash,eth,binance,0.43824,0.43975,0.43873,826.455
oax-btc,oax,btc,binance,4.87e-06,4.87e-06,4.86e-06,3395240.0
icn-btc,icn,btc,binance,0.0,0.0,0.0,0.0
btg-btc,btg,btc,binance,0.00124,0.00124,0.001236,22642.85
btg-eth,btg,eth,binance,0.0,0.0,0.0,0.0
evx-btc,evx,btc,binance,2.155e-05,2.156e-05,2.149e-05,1299937.0
evx-eth,evx,eth,binance,0.0008384,0.00084,0.0008327,196228.0
req-btc,req,btc,binance,1.26e-06,1.27e-06,1.26e-06,2475109.0
req-eth,req,eth,binance,4.995e-05,0.0,0.0,246546.0
vib-btc,vib,btc,binance,1.64e-06,1.65e-06,1.64e-06,26363864.0
vib-eth,vib,eth,binance,6.425e-05,6.435e-05,6.364e-05,4309386.0
hsr-eth,hsr,eth,binance,0.0,0.0,0.0,0.0
trx-btc,trx,btc,binance,1.86e-06,1.87e-06,1.86e-06,336929873.0
trx-eth,trx,eth,binance,7.242e-05,7.242e-05,7.22e-05,55777796.0
powr-btc,powr,btc,binance,8.25e-06,8.25e-06,8.22e-06,2542026.0
powr-eth,powr,eth,binance,0.0003173,0.00032114,0.00031849,156183.0
ark-btc,ark,btc,binance,2.356e-05,2.36e-05,2.356e-05,675935.0
ark-eth,ark,eth,binance,0.000913,0.000919,0.000911,87014.19
yoyo-eth,yoyo,eth,binance,0.0,0.0,0.0,0.0
xrp-btc,xrp,btc,binance,2.582e-05,2.583e-05,2.581e-05,27624490.0
xrp-eth,xrp,eth,binance,0.00100261,0.00100415,0.00100172,2443860.0
mod-btc,mod,btc,binance,0.0,0.0,0.0,0.0
mod-eth,mod,eth,binance,0.0,0.0,0.0,0.0
enj-btc,enj,btc,binance,1.975e-05,1.978e-05,1.975e-05,41267988.0
enj-eth,enj,eth,binance,0.00076632,0.00076965,0.00076593,2762163.0
storj-btc,storj,btc,binance,1.33e-05,1.333e-05,1.33e-05,1778201.0
storj-eth,storj,eth,binance,0.0005175,0.000523,0.0005164,35144.0
bnb-usd,bnb,usd,binance,16.2044,16.21,16.2031,2467171.04
ven-bnb,ven,bnb,binance,0.0,0.0,0.0,0.0
yoyo-bnb,yoyo,bnb,binance,0.0,0.0,0.0,0.0
powr-bnb,powr,bnb,binance,0.00383,0.00389,0.00382,129915.3
ven-btc,ven,btc,binance,0.0,0.0,0.0,0.0
ven-eth,ven,eth,binance,0.0,0.0,0.0,0.0
kmd-btc,kmd,btc,binance,7.39e-05,7.39e-05,7.37e-05,696323.38
kmd-eth,kmd,eth,binance,0.002863,0.002884,0.002856,47390.89
nuls-bnb,nuls,bnb,binance,0.0,0.0,0.0,0.0
rcn-btc,rcn,btc,binance,9.4e-06,9.44e-06,9.41e-06,2520709.0
rcn-eth,rcn,eth,binance,0.00037604,0.0,0.0,59285.0
rcn-bnb,rcn,bnb,binance,0.0,0.0,0.0,0.0
nuls-btc,nuls,btc,binance,2.808e-05,2.81e-05,2.798e-05,1456571.0
nuls-eth,nuls,eth,binance,0.00109275,0.00110026,0.0010861,112392.0
rdn-btc,rdn,btc,binance,1.361e-05,1.362e-05,1.353e-05,408128.0
rdn-eth,rdn,eth,binance,0.0005282,0.0005316,0.0005271,22405.0
rdn-bnb,rdn,bnb,binance,0.0,0.0,0.0,0.0
xmr-btc,xmr,btc,binance,0.008117,0.008122,0.008115,52121.331
xmr-eth,xmr,eth,binance,0.31575,0.3157,0.31463,3159.045
dlt-bnb,dlt,bnb,binance,0.0,0.0,0.0,0.0
wtc-bnb,wtc,bnb,binance,0.01838,0.01844,0.01835,58117.0
dlt-btc,dlt,btc,binance,4.28e-06,4.28e-06,4.25e-06,3103565.0
dlt-eth,dlt,eth,binance,0.00016807,0.0,0.0,96595.0
amb-btc,amb,btc,binance,1.2e-06,1.2e-06,1.19e-06,9717497.0
amb-eth,amb,eth,binance,4.66e-05,4.678e-05,4.604e-05,157857.0
amb-bnb,amb,bnb,binance,0.0,0.0,0.0,0.0
bcc-eth,bcc,eth,binance,0.0,0.0,0.0,0.0
bcc-usd,bcc,usd,binance,0.0,0.0,0.0,0.0
bcc-bnb,bcc,bnb,binance,0.0,0.0,0.0,0.0
bat-btc,bat,btc,binance,2.455e-05,2.459e-05,2.455e-05,12497205.0
bat-eth,bat,eth,binance,0.00095381,0.00095642,0.00095302,671804.0
bat-bnb,bat,bnb,binance,0.01149,0.01153,0.01145,255173.7
bcpt-btc,bcpt,btc,binance,2.17e-06,2.17e-06,2.16e-06,3808408.0
bcpt-eth,bcpt,eth,binance,8.496e-05,8.473e-05,8.363e-05,257073.0
bcpt-bnb,bcpt,bnb,binance,0.0,0.0,0.0,0.0
arn-btc,arn,btc,binance,1.366e-05,1.374e-05,1.372e-05,672405.0
arn-eth,arn,eth,binance,0.00053519,0.00053711,0.0005299,209501.0
gvt-btc,gvt,btc,binance,0.0001039,0.0001041,0.0001039,117426.49
gvt-eth,gvt,eth,binance,0.00402,0.004084,0.004025,12361.93
cdt-btc,cdt,btc,binance,5.3e-07,5.4e-07,5.3e-07,22290269.0
cdt-eth,cdt,eth,binance,2.078e-05,2.079e-05,2.078e-05,1621739.0
gxs-btc,gxs,btc,binance,5.404e-05,5.428e-05,5.401e-05,1075629.0
gxs-eth,gxs,eth,binance,0.002099,0.002132,0.002099,14552.92
neo-usd,neo,usd,binance,8.53,8.537,8.531,706012.36
neo-bnb,neo,bnb,binance,0.5265,0.5287,0.5265,5733.85
poe-btc,poe,btc,binance,1.4e-07,1.4e-07,1.3e-07,103387954.0
poe-eth,poe,eth,binance,0.0,0.0,0.0,0.0
qsp-btc,qsp,btc,binance,1.1e-06,1.11e-06,1.1e-06,21674695.0
qsp-eth,qsp,eth,binance,4.284e-05,4.287e-05,4.264e-05,17812913.0
qsp-bnb,qsp,bnb,binance,0.0,0.0,0.0,0.0
bts-btc,bts,btc,binance,2.33e-06,2.34e-06,2.32e-06,2175089.0
bts-eth,bts,eth,binance,9.112e-05,9.112e-05,9.023e-05,316264.0
bts-bnb,bts,bnb,binance,0.0,0.0,0.0,0.0
xzc-btc,xzc,btc,binance,0.000534,0.0005339,0.0005336,56936.26
xzc-eth,xzc,eth,binance,0.020687,0.020857,0.020715,1674.58
xzc-bnb,xzc,bnb,binance,0.2493,0.2493,0.2486,2621.85
lsk-btc,lsk,btc,binance,0.0001394,0.0001397,0.0001394,232071.02
lsk-eth,lsk,eth,binance,0.005432,0.005447,0.005403,20054.01
lsk-bnb,lsk,bnb,binance,0.06494,0.0,0.0,1300.0
tnt-btc,tnt,btc,binance,6.47e-06,6.5e-06,6.48e-06,3704345.0
tnt-eth,tnt,eth,binance,0.00025101,0.00025378,0.00025064,426857.0
fuel-btc,fuel,btc,binance,2.4e-07,2.5e-07,2.4e-07,13237348.0
fuel-eth,fuel,eth,binance,0.0,0.0,0.0,0.0
mana-btc,mana,btc,binance,3.9e-06,3.91e-06,3.9e-06,4904499.0
mana-eth,mana,eth,binance,0.00015182,0.0001518,0.00015116,873561.0
bcd-btc,bcd,btc,binance,7.083e-05,7.11e-05,7.084e-05,184359.0
bcd-eth,bcd,eth,binance,0.00276,0.00276,0.00275,31118.722
dgd-btc,dgd,btc,binance,0.0,0.0,0.0,0.0
dgd-eth,dgd,eth,binance,0.0,0.0,0.0,0.0
iota-bnb,iota,bnb,binance,0.01061,0.01061,0.01058,123931.7
adx-btc,adx,btc,binance,8.96e-06,8.96e-06,8.94e-06,21510040.0
adx-eth,adx,eth,binance,0.0003456,0.0003506,0.0003459,848367.0
adx-bnb,adx,bnb,binance,0.0,0.0,0.0,0.0
ada-btc,ada,btc,binance,5.68e-06,5.69e-06,5.68e-06,118000764.0
ada-eth,ada,eth,binance,0.00022101,0.00022129,0.00022077,9338874.0
ppt-btc,ppt,btc,binance,3.297e-05,3.317e-05,3.302e-05,402297.0
ppt-eth,ppt,eth,binance,0.001279,0.0013,0.00128,72867.82
cmt-btc,cmt,btc,binance,1.07e-06,1.07e-06,1.06e-06,5087265.0
cmt-eth,cmt,eth,binance,4.116e-05,4.166e-05,4.118e-05,2632723.0
cmt-bnb,cmt,bnb,binance,0.0,0.0,0.0,0.0
xlm-btc,xlm,btc,binance,8.26e-06,8.27e-06,8.26e-06,37752831.0
xlm-eth,xlm,eth,binance,0.00032093,0.00032121,0.00032033,2136957.0
xlm-bnb,xlm,bnb,binance,0.003855,0.003863,0.003848,625668.0
cnd-btc,cnd,btc,binance,5e-07,5.1e-07,5e-07,11746282.0
cnd-eth,cnd,eth,binance,0.0,0.0,0.0,0.0
cnd-bnb,cnd,bnb,binance,0.0,0.0,0.0,0.0
lend-btc,lend,btc,binance,5.05e-06,5.06e-06,5.05e-06,35870908.0
lend-eth,lend,eth,binance,0.0001966,0.00019748,0.00019569,11347333.0
wabi-btc,wabi,btc,binance,1.11e-05,1.11e-05,1.108e-05,3428311.0
wabi-eth,wabi,eth,binance,0.00040308,0.0,0.0,14322.0
wabi-bnb,wabi,bnb,binance,0.005175,0.005184,0.00517,695692.0
ltc-eth,ltc,eth,binance,0.23042,0.23052,0.23012,4759.177
ltc-usd,ltc,usd,binance,44.85,44.87,44.86,562204.1733
ltc-bnb,ltc,bnb,binance,2.765,2.77,2.766,2806.169
tnb-btc,tnb,btc,binance,1.5e-07,1.6e-07,1.5e-07,43130111.0
tnb-eth,tnb,eth,binance,0.0,0.0,0.0,0.0
waves-btc,waves,btc,binance,0.0001349,0.0001351,0.0001349,762590.7
waves-eth,waves,eth,binance,0.005239,0.005254,0.005232,38208.2
waves-bnb,waves,bnb,binance,0.0632,0.0632,0.06277,7896.2
gto-btc,gto,btc,binance,6.9e-07,7e-07,6.9e-07,8615486.0
gto-eth,gto,eth,binance,2.676e-05,2.697e-05,2.673e-05,650472.0
gto-bnb,gto,bnb,binance,0.00032,0.000324,0.000322,423093.0
icx-btc,icx,btc,binance,3.757e-05,3.757e-05,3.752e-05,11080048.0
icx-eth,icx,eth,binance,0.001465,0.00146,0.001456,598883.03
icx-bnb,icx,bnb,binance,0.01742,0.01756,0.01749,208765.9
ost-btc,ost,btc,binance,9e-07,9.1e-07,9e-07,24908008.0
ost-eth,ost,eth,binance,3.517e-05,3.517e-05,3.487e-05,17357788.0
ost-bnb,ost,bnb,binance,0.0,0.0,0.0,0.0
elf-btc,elf,btc,binance,8.86e-06,8.87e-06,8.83e-06,4131767.0
elf-eth,elf,eth,binance,0.00034431,0.00034431,0.00034241,453732.0
aion-btc,aion,btc,binance,1.139e-05,1.139e-05,1.134e-05,89249657.0
aion-eth,aion,eth,binance,0.000441,0.000445,0.00044,5152129.91
aion-bnb,aion,bnb,binance,0.005309,0.005346,0.005289,1840576.0
nebl-btc,nebl,btc,binance,5.644e-05,5.667e-05,5.644e-05,298283.0
nebl-eth,nebl,eth,binance,0.002196,0.002201,0.00219,69540.75
nebl-bnb,nebl,bnb,binance,0.02641,0.02655,0.02627,66490.2
brd-btc,brd,btc,binance,1.607e-05,1.607e-05,1.603e-05,737890.0
brd-eth,brd,eth,binance,0.0006279,0.0006318,0.0006213,33483.0
brd-bnb,brd,bnb,binance,0.00747,0.00751,0.00748,139813.6
mco-bnb,mco,bnb,binance,0.0,0.0,0.0,0.0
edo-btc,edo,btc,binance,1.669e-05,1.669e-05,1.668e-05,724856.0
edo-eth,edo,eth,binance,0.000657,0.000652,0.000646,176196.42
wings-btc,wings,btc,binance,0.0,0.0,0.0,0.0
wings-eth,wings,eth,binance,0.0,0.0,0.0,0.0
nav-btc,nav,btc,binance,1.166e-05,1.169e-05,1.168e-05,3776585.0
nav-eth,nav,eth,binance,0.0,0.0,0.0,0.0
nav-bnb,nav,bnb,binance,0.0,0.0,0.0,0.0
lun-btc,lun,btc,binance,9.06e-05,9.06e-05,9.05e-05,45545.53
lun-eth,lun,eth,binance,0.0,0.0,0.0,0.0
trig-btc,trig,btc,binance,0.0,0.0,0.0,0.0
trig-eth,trig,eth,binance,0.0,0.0,0.0,0.0
trig-bnb,trig,bnb,binance,0.0,0.0,0.0,0.0
appc-btc,appc,btc,binance,3.86e-06,3.87e-06,3.86e-06,1419368.0
appc-eth,appc,eth,binance,0.0001495,0.0001506,0.0001495,101147.0
appc-bnb,appc,bnb,binance,0.0,0.0,0.0,0.0
vibe-btc,vibe,btc,binance,1.13e-06,1.15e-06,1.14e-06,2908933.0
vibe-eth,vibe,eth,binance,0.0,0.0,0.0,0.0
rlc-btc,rlc,btc,binance,4.495e-05,4.495e-05,4.478e-05,738862.0
rlc-eth,rlc,eth,binance,0.001742,0.001747,0.001739,142815.54
rlc-bnb,rlc,bnb,binance,0.02092,0.02108,0.02089,70437.8
ins-btc,ins,btc,binance,1.516e-05,1.518e-05,1.513e-05,1199937.0
ins-eth,ins,eth,binance,0.00059,0.00059,0.000586,65700.65
pivx-btc,pivx,btc,binance,3.589e-05,3.589e-05,3.585e-05,315925.0
pivx-eth,pivx,eth,binance,0.001396,0.001396,0.001386,39226.35
pivx-bnb,pivx,bnb,binance,0.0166,0.0,0.0,2316.2
iost-btc,iost,btc,binance,4.8e-07,4.8e-07,4.7e-07,530987577.0
iost-eth,iost,eth,binance,1.844e-05,1.844e-05,1.843e-05,31371860.0
chat-btc,chat,btc,binance,0.0,0.0,0.0,0.0
chat-eth,chat,eth,binance,0.0,0.0,0.0,0.0
steem-btc,steem,btc,binance,2.164e-05,2.17e-05,2.164e-05,5373110.0
steem-eth,steem,eth,binance,0.000841,0.000846,0.00084,416313.28
steem-bnb,steem,bnb,binance,0.01009,0.01015,0.01009,341740.0
nano-btc,nano,btc,binance,7.95e-05,7.95e-05,7.94e-05,392224.87
nano-eth,nano,eth,binance,0.003089,0.003107,0.003083,22024.35
nano-bnb,nano,bnb,binance,0.0372,0.0372,0.03698,15366.3
via-btc,via,btc,binance,1.682e-05,1.685e-05,1.682e-05,209483.0
via-eth,via,eth,binance,0.0,0.0,0.0,0.0
via-bnb,via,bnb,binance,0.0,0.0,0.0,0.0
blz-btc,blz,btc,binance,2.11e-06,2.12e-06,2.11e-06,4073609.0
blz-eth,blz,eth,binance,8.187e-05,8.23e-05,8.169e-05,273552.0
blz-bnb,blz,bnb,binance,0.000987,0.000985,0.000981,453686.0
ae-btc,ae,btc,binance,1.377e-05,1.377e-05,1.375e-05,1173480.0
ae-eth,ae,eth,binance,0.000533,0.000536,0.000534,512095.45
ae-bnb,ae,bnb,binance,0.0,0.0,0.0,0.0
rpx-btc,rpx,btc,binance,0.0,0.0,0.0,0.0
rpx-eth,rpx,eth,binance,0.0,0.0,0.0,0.0
rpx-bnb,rpx,bnb,binance,0.0,0.0,0.0,0.0
ncash-btc,ncash,btc,binance,0.0,0.0,0.0,0.0
ncash-eth,ncash,eth,binance,1e-06,1.02e-06,1e-06,85735369.0
ncash-bnb,ncash,bnb,binance,0.0,0.0,0.0,0.0
poa-btc,poa,btc,binance,1.23e-06,1.23e-06,1.22e-06,10122687.0
poa-eth,poa,eth,binance,4.891e-05,0.0,0.0,24659.0
poa-bnb,poa,bnb,binance,0.0,0.0,0.0,0.0
zil-btc,zil,btc,binance,6.3e-07,6.3e-07,6.2e-07,119252452.0
zil-eth,zil,eth,binance,2.435e-05,2.436e-05,2.426e-05,31794895.0
zil-bnb,zil,bnb,binance,0.0002917,0.0002924,0.0002915,10261954.0
ont-btc,ont,btc,binance,6.25e-05,6.26e-05,6.25e-05,3896464.12
ont-eth,ont,eth,binance,0.002439,0.002434,0.002427,76818.96
ont-bnb,ont,bnb,binance,0.02919,0.02928,0.02917,56249.9
storm-btc,storm,btc,binance,1.5e-07,1.5e-07,1.4e-07,22044481.0
storm-eth,storm,eth,binance,5.55e-06,5.55e-06,5.52e-06,8590841.0
storm-bnb,storm,bnb,binance,6.55e-05,0.0,0.0,267421.0
qtum-bnb,qtum,bnb,binance,0.09358,0.09356,0.09303,4933.3
qtum-usd,qtum,usd,binance,1.513,1.515,1.514,1601247.07
xem-btc,xem,btc,binance,5.12e-06,5.14e-06,5.12e-06,11308504.0
xem-eth,xem,eth,binance,0.00020032,0.00020108,0.00019836,235566.0
xem-bnb,xem,bnb,binance,0.002402,0.002409,0.002383,64974.0
wan-btc,wan,btc,binance,2.15e-05,2.152e-05,2.149e-05,7679206.0
wan-eth,wan,eth,binance,0.000832,0.000836,0.000831,455439.09
wan-bnb,wan,bnb,binance,0.01002,0.01006,0.00998,140945.2
wpr-btc,wpr,btc,binance,7.3e-07,7.3e-07,7.2e-07,9621735.0
wpr-eth,wpr,eth,binance,0.0,0.0,0.0,0.0
qlc-btc,qlc,btc,binance,1.32e-06,1.33e-06,1.32e-06,97230244.0
qlc-eth,qlc,eth,binance,5.148e-05,5.148e-05,5.117e-05,906738.0
sys-btc,sys,btc,binance,2.71e-06,2.71e-06,2.7e-06,990692.0
sys-eth,sys,eth,binance,0.00010514,0.0001058,0.00010453,50119.0
sys-bnb,sys,bnb,binance,0.0,0.0,0.0,0.0
qlc-bnb,qlc,bnb,binance,0.0,0.0,0.0,0.0
grs-btc,grs,btc,binance,2.235e-05,2.247e-05,2.236e-05,957987.0
grs-eth,grs,eth,binance,0.00087302,0.00087302,0.00086217,102665.0
ada-usd,ada,usd,binance,0.04302,0.04304,0.04302,299137308.8
ada-bnb,ada,bnb,binance,0.002658,0.002658,0.002654,3193131.0
cloak-btc,cloak,btc,binance,0.0,0.0,0.0,0.0
cloak-eth,cloak,eth,binance,0.0,0.0,0.0,0.0
gnt-btc,gnt,btc,binance,5.36e-06,5.36e-06,5.33e-06,20570666.0
gnt-eth,gnt,eth,binance,0.00020755,0.00020878,0.00020755,1593776.0
gnt-bnb,gnt,bnb,binance,0.0,0.0,0.0,0.0
loom-btc,loom,btc,binance,2e-06,2.01e-06,2e-06,16021899.0
loom-eth,loom,eth,binance,7.755e-05,7.854e-05,7.757e-05,1537831.0
loom-bnb,loom,bnb,binance,0.000935,0.000941,0.00093,162993.0
xrp-usd,xrp,usd,binance,0.19529,0.19529,0.19528,85293164.9
bcn-btc,bcn,btc,binance,0.0,0.0,0.0,0.0
bcn-eth,bcn,eth,binance,0.0,0.0,7e-06,0.0
bcn-bnb,bcn,bnb,binance,0.0,0.0,0.0,0.0
rep-btc,rep,btc,binance,0.001356,0.001357,0.001356,16081.295
rep-eth,rep,eth,binance,0.05243,0.05302,0.05255,2035.785
rep-bnb,rep,bnb,binance,0.0,0.0,0.0,0.0
tusd-btc,tusd,btc,binance,0.0,0.0,0.0,0.0
tusd-eth,tusd,eth,binance,0.0,0.0,0.0,0.0
tusd-bnb,tusd,bnb,binance,0.0,0.0,0.0,0.0
zen-btc,zen,btc,binance,0.0008055,0.0008064,0.0008059,19342.85
zen-eth,zen,eth,binance,0.03135,0.03143,0.03122,1850.419
zen-bnb,zen,bnb,binance,0.3755,0.3775,0.3749,1608.23
sky-btc,sky,btc,binance,5.673e-05,5.685e-05,5.669e-05,209164.0
sky-eth,sky,eth,binance,0.00221,0.00221,0.00219,18330.042
sky-bnb,sky,bnb,binance,0.0,0.0,0.0,0.0
eos-usd,eos,usd,binance,2.7287,2.7292,2.7285,6026501.17
eos-bnb,eos,bnb,binance,0.168,0.1683,0.168,61539.61
cvc-btc,cvc,btc,binance,2.69e-06,2.7e-06,2.69e-06,3450376.0
cvc-eth,cvc,eth,binance,0.00010386,0.00010521,0.0001042,509840.0
cvc-bnb,cvc,bnb,binance,0.0,0.0,0.0,0.0
theta-btc,theta,btc,binance,1.405e-05,1.411e-05,1.405e-05,5860977.0
theta-eth,theta,eth,binance,0.00054686,0.00054686,0.00054357,390661.0
theta-bnb,theta,bnb,binance,0.006569,0.00657,0.006537,63680.0
xrp-bnb,xrp,bnb,binance,0.01206,0.01205,0.01204,947845.4
tusd-usd,tusd,usd,binance,0.9993,0.9993,0.999,3586416.52
iota-usd,iota,usd,binance,0.1715,0.1719,0.1716,10242314.12
xlm-usd,xlm,usd,binance,0.06249,0.06253,0.06249,118601716.0
iotx-btc,iotx,btc,binance,3.4e-07,3.4e-07,3.3e-07,31978397.0
iotx-eth,iotx,eth,binance,1.286e-05,1.295e-05,1.279e-05,3434996.0
qkc-btc,qkc,btc,binance,3.6e-07,3.7e-07,3.6e-07,166804218.0
qkc-eth,qkc,eth,binance,1.398e-05,1.411e-05,1.398e-05,13538310.0
agi-btc,agi,btc,binance,1.73e-06,1.74e-06,1.73e-06,5746892.0
agi-eth,agi,eth,binance,6.766e-05,6.77e-05,6.725e-05,1189885.0
agi-bnb,agi,bnb,binance,0.000772,0.0,0.0,79206.0
nxs-btc,nxs,btc,binance,2.175e-05,2.185e-05,2.176e-05,264107.0
nxs-eth,nxs,eth,binance,0.000846,0.000851,0.000835,13584.33
nxs-bnb,nxs,bnb,binance,0.0,0.0,0.0,0.0
enj-bnb,enj,bnb,binance,0.00918,0.009297,0.009206,879447.0
data-btc,data,btc,binance,6.16e-06,6.17e-06,6.16e-06,9162335.0
data-eth,data,eth,binance,0.00024038,0.00023999,0.00023847,654104.0
ont-usd,ont,usd,binance,0.4731,0.4734,0.4731,9479692.68
trx-bnb,trx,bnb,binance,0.000868,0.000869,0.000868,15075468.0
trx-usd,trx,usd,binance,0.01408,0.01408,0.01407,771144131.3
etc-usd,etc,usd,binance,5.7048,5.7071,5.7051,1212200.36
etc-bnb,etc,bnb,binance,0.3515,0.3525,0.3515,5313.82
icx-usd,icx,usd,binance,0.2841,0.2841,0.2838,13006419.11
sc-btc,sc,btc,binance,1.9e-07,2e-07,1.9e-07,68105141.0
sc-eth,sc,eth,binance,7.49e-06,7.52e-06,7.47e-06,19123700.0
sc-bnb,sc,bnb,binance,8.99e-05,9.03e-05,8.99e-05,8631617.0
npxs-btc,npxs,btc,binance,0.0,0.0,0.0,0.0
npxs-eth,npxs,eth,binance,6.2e-07,6.2e-07,6.1e-07,426481706.0
ven-usd,ven,usd,binance,0.0,0.0,0.0,0.0
key-btc,key,btc,binance,0.0,0.0,0.0,0.0
key-eth,key,eth,binance,3.34e-06,3.35e-06,3.34e-06,9804170.0
nas-btc,nas,btc,binance,3.63e-05,3.63e-05,3.62e-05,1623293.49
nas-eth,nas,eth,binance,0.001405,0.00141,0.001404,279175.64
nas-bnb,nas,bnb,binance,0.0,0.0,0.0,0.0
mft-btc,mft,btc,binance,0.0,0.0,0.0,0.0
mft-eth,mft,eth,binance,2.76e-06,2.8e-06,2.76e-06,12690540.0
mft-bnb,mft,bnb,binance,3.33e-05,3.37e-05,3.33e-05,11027101.0
dent-btc,dent,btc,binance,0.0,0.0,0.0,0.0
dent-eth,dent,eth,binance,6.3e-07,6.4e-07,6.3e-07,311697033.0
ardr-btc,ardr,btc,binance,4.89e-06,4.91e-06,4.89e-06,2407269.0
ardr-eth,ardr,eth,binance,0.0001887,0.0,0.0,10918.0
ardr-bnb,ardr,bnb,binance,0.0,0.0,0.0,0.0
nuls-usd,nuls,usd,binance,0.2128,0.213,0.2119,992489.24
hot-btc,hot,btc,binance,5e-08,5e-08,4e-08,86710298.0
hot-eth,hot,eth,binance,1.77e-06,1.78e-06,1.77e-06,176595399.0
vet-btc,vet,btc,binance,5.6e-07,5.6e-07,5.5e-07,632616998.0
vet-eth,vet,eth,binance,2.156e-05,2.159e-05,2.155e-05,48034440.0
vet-usd,vet,usd,binance,0.004199,0.0042,0.004198,1194972842.0
vet-bnb,vet,bnb,binance,0.000259,0.0002594,0.0002585,11006550.0
dock-btc,dock,btc,binance,6.2e-07,6.2e-07,6.1e-07,12745004.0
dock-eth,dock,eth,binance,2.374e-05,2.396e-05,2.366e-05,868666.0
poly-btc,poly,btc,binance,2.67e-06,2.67e-06,2.66e-06,5029902.0
poly-bnb,poly,bnb,binance,0.0,0.0,0.0,0.0
phx-btc,phx,btc,binance,0.0,0.0,0.0,0.0
phx-eth,phx,eth,binance,0.0,0.0,0.0,0.0
phx-bnb,phx,bnb,binance,0.0,0.0,0.0,0.0
hc-btc,hc,btc,binance,0.000142,0.000142,0.0001414,69389.4
hc-eth,hc,eth,binance,0.005509,0.005536,0.005488,21859.71
go-btc,go,btc,binance,9.7e-07,9.7e-07,9.6e-07,16323141.0
go-bnb,go,bnb,binance,0.0,0.0,0.0,0.0
pax-btc,pax,btc,binance,0.0,0.0,0.0,0.0
pax-bnb,pax,bnb,binance,0.0,0.0,0.0,0.0
pax-usd,pax,usd,binance,0.9992,0.9993,0.9991,3881562.01
pax-eth,pax,eth,binance,0.0,0.0,0.0,0.0
rvn-btc,rvn,btc,binance,2.47e-06,2.47e-06,2.46e-06,106102962.0
rvn-bnb,rvn,bnb,binance,0.001151,0.001152,0.00115,1583163.0
dcr-btc,dcr,btc,binance,0.001679,0.001679,0.001678,12911.701
dcr-bnb,dcr,bnb,binance,0.781,0.0,0.0,332.937
usdc-bnb,usdc,bnb,binance,0.0,0.0,0.0,0.0
mith-btc,mith,btc,binance,5e-07,5e-07,4.9e-07,33490672.0
mith-bnb,mith,bnb,binance,0.000232,0.000233,0.000231,6590892.0
bchabc-btc,bchabc,btc,binance,0.0,0.0,0.0,0.0
bchsv-btc,bchsv,btc,binance,0.0,0.0,0.0,0.0
bchabc-usd,bchabc,usd,binance,0.0,0.0,0.0,0.0
bchsv-usd,bchsv,usd,binance,0.0,0.0,0.0,0.0
ren-btc,ren,btc,binance,8.55e-06,8.56e-06,8.55e-06,8203853.0
ren-bnb,ren,bnb,binance,0.003979,0.004001,0.00398,289507.0
usdc-usd,usdc,usd,binance,0.9992,0.9992,0.9991,11121910.71
link-usd,link,usd,binance,3.8139,3.8164,3.8135,5495453.79
waves-usd,waves,usd,binance,1.0218,1.0218,1.0202,881827.95
btt-btc,btt,btc,binance,0.0,0.0,0.0,0.0
btt-bnb,btt,bnb,binance,1.523e-05,1.524e-05,1.521e-05,302360293.0
btt-usd,btt,usd,binance,0.0002468,0.000247,0.0002466,6059993059.0
usds-usd,usds,usd,binance,0.9965,0.9966,0.9965,20215.14
ong-bnb,ong,bnb,binance,0.00559,0.00559,0.00554,53142.4
ong-btc,ong,btc,binance,1.192e-05,1.192e-05,1.189e-05,1218179.0
ong-usd,ong,usd,binance,0.0901,0.0905,0.0901,1734391.82
hot-bnb,hot,bnb,binance,2.135e-05,2.138e-05,2.122e-05,47102625.0
hot-usd,hot,usd,binance,0.0003463,0.0003466,0.0003463,658372056.0
zil-usd,zil,usd,binance,0.00472,0.00474,0.00471,111321334.3
zrx-bnb,zrx,bnb,binance,0.0115,0.01155,0.01153,35203.0
zrx-usd,zrx,usd,binance,0.187,0.1873,0.187,2984717.49
fet-bnb,fet,bnb,binance,0.001181,0.001186,0.001181,6489041.0
fet-btc,fet,btc,binance,2.52e-06,2.53e-06,2.52e-06,154867839.0
fet-usd,fet,usd,binance,0.01912,0.01921,0.01913,108999386.9
bat-usd,bat,usd,binance,0.1859,0.1861,0.1859,20486930.99
xmr-bnb,xmr,bnb,binance,3.791,3.791,3.787,345.708
xmr-usd,xmr,usd,binance,61.4,61.41,61.38,44681.18045
zec-bnb,zec,bnb,binance,2.797,2.802,2.798,895.682
zec-usd,zec,usd,binance,45.38,45.38,45.34,112060.23622
iost-bnb,iost,bnb,binance,0.0002214,0.0002216,0.0002211,12879112.0
iost-usd,iost,usd,binance,0.003585,0.00359,0.003586,1275372932.0
celr-bnb,celr,bnb,binance,0.0001213,0.0001214,0.000121,44183322.0
celr-btc,celr,btc,binance,2.6e-07,2.6e-07,2.5e-07,291279224.0
celr-usd,celr,usd,binance,0.00196,0.00197,0.00196,227080375.3
dash-bnb,dash,bnb,binance,5.269,5.284,5.271,315.581
dash-usd,dash,usd,binance,85.59,85.61,85.57,64645.41701
nano-usd,nano,usd,binance,0.6009,0.6021,0.6009,362108.59
omg-bnb,omg,bnb,binance,0.0,0.0,0.0,0.0
omg-usd,omg,usd,binance,0.6263,0.6281,0.6263,308098.2
theta-usd,theta,usd,binance,0.1061,0.10692,0.1061,1921108.1
enj-usd,enj,usd,binance,0.14923,0.15003,0.14924,20368975.2
mith-usd,mith,usd,binance,0.00375,0.00377,0.00374,17065188.9
matic-bnb,matic,bnb,binance,0.0009426,0.0009469,0.0009433,4554902.0
matic-btc,matic,btc,binance,2.02e-06,2.03e-06,2.02e-06,432756615.0
matic-usd,matic,usd,binance,0.01534,0.01535,0.01534,429216175.2
atom-bnb,atom,bnb,binance,0.1774,0.1777,0.1769,110184.95
atom-btc,atom,btc,binance,0.0003799,0.00038,0.0003798,1522208.88
atom-usd,atom,usd,binance,2.873,2.874,2.871,4014738.547
phb-bnb,phb,bnb,binance,0.0,0.0,0.0,0.0
phb-btc,phb,btc,binance,2.6e-07,2.6e-07,2.5e-07,29723290.0
tfuel-bnb,tfuel,bnb,binance,0.0001093,0.0001098,0.0001095,1511325.0
tfuel-btc,tfuel,btc,binance,2.3e-07,2.4e-07,2.3e-07,2077876.0
tfuel-usd,tfuel,usd,binance,0.001777,0.001785,0.001777,8116590.0
one-bnb,one,bnb,binance,0.0001616,0.0001617,0.0001612,8918871.0
one-btc,one,btc,binance,3.5e-07,3.5e-07,3.4e-07,66653437.0
one-usd,one,usd,binance,0.00262,0.00262,0.00261,134798151.0
ftm-bnb,ftm,bnb,binance,0.000222,0.000223,0.000222,7934965.0
ftm-btc,ftm,btc,binance,4.8e-07,4.8e-07,4.7e-07,92391562.0
ftm-usd,ftm,usd,binance,0.00361,0.00363,0.0036,54294635.2
-btc,,btc,binance,0.0,0.0,0.0,0.0
algo-bnb,algo,bnb,binance,0.01338,0.01338,0.01336,756855.5
algo-btc,algo,btc,binance,2.867e-05,2.867e-05,2.862e-05,13391311.0
algo-usd,algo,usd,binance,0.2167,0.2167,0.2166,19192381.27
usdsb-usd,usdsb,usd,binance,0.0,0.0,0.0,0.0
gto-usd,gto,usd,binance,0.00522,0.00526,0.00522,8117798.6
erd-bnb,erd,bnb,binance,8.15e-05,8.195e-05,8.117e-05,87666219.0
erd-btc,erd,btc,binance,1.7e-07,1.8e-07,1.7e-07,832346474.0
erd-usd,erd,usd,binance,0.001318,0.0013202,0.0013182,717719781.0
doge-bnb,doge,bnb,binance,0.00012915,0.00012981,0.00012915,5424247.0
doge-btc,doge,btc,binance,2.8e-07,2.8e-07,2.7e-07,130808128.0
doge-usd,doge,usd,binance,0.0020978,0.0020978,0.0020944,78745570.0
dusk-bnb,dusk,bnb,binance,0.00118,0.0,0.0,264381.5
dusk-btc,dusk,btc,binance,2.78e-06,2.78e-06,2.77e-06,35143921.0
dusk-usd,dusk,usd,binance,0.021,0.021,0.0208,9551651.98
ankr-bnb,ankr,bnb,binance,8.72e-05,8.78e-05,8.66e-05,15532419.0
ankr-btc,ankr,btc,binance,1.9e-07,1.9e-07,1.8e-07,18940770.0
ankr-usd,ankr,usd,binance,0.001411,0.001411,0.001408,44323499.0
win-bnb,win,bnb,binance,5.47e-06,5.48e-06,5.46e-06,999477551.0
win-btc,win,btc,binance,0.0,0.0,0.0,0.0
win-usd,win,usd,binance,8.87e-05,8.88e-05,8.86e-05,8615004105.0
cos-bnb,cos,bnb,binance,0.000324,0.000326,0.000323,1152225.0
cos-btc,cos,btc,binance,6.9e-07,7e-07,6.9e-07,23938401.0
cos-usd,cos,usd,binance,0.00527,0.00527,0.00524,11740204.6
npxs-usd,npxs,usd,binance,0.0001187,0.0001191,0.0001188,495621826.0
cocos-bnb,cocos,bnb,binance,1.66e-05,1.67e-05,1.65e-05,98204598.0
cocos-btc,cocos,btc,binance,3e-08,0.0,0.0,30956222.0
cocos-usd,cocos,usd,binance,0.000269,0.00027,0.000269,1127876736.0
mtl-usd,mtl,usd,binance,0.3052,0.3058,0.3052,2397751.89
tomo-bnb,tomo,bnb,binance,0.02216,0.0222,0.02208,31557.9
tomo-btc,tomo,btc,binance,4.738e-05,4.753e-05,4.732e-05,2444519.0
tomo-usd,tomo,usd,binance,0.3581,0.3581,0.3576,1645425.59
perl-bnb,perl,bnb,binance,0.000871,0.000873,0.00087,4648228.0
perl-btc,perl,btc,binance,1.87e-06,1.87e-06,1.86e-06,39777508.0
perl-usd,perl,usd,binance,0.01417,0.01419,0.01412,36640090.5
dent-usd,dent,usd,binance,0.0001226,0.0001233,0.0001223,309668744.0
mft-usd,mft,usd,binance,0.000539,0.000543,0.000539,55440794.0
key-usd,key,usd,binance,0.000651,0.000654,0.000651,103265352.0
storm-usd,storm,usd,binance,0.001081,0.001081,0.001076,19186249.0
dock-usd,dock,usd,binance,0.004615,0.004641,0.004609,4494044.0
wan-usd,wan,usd,binance,0.1627,0.1628,0.1621,3107402.04
fun-usd,fun,usd,binance,0.001914,0.001911,0.001897,20958019.0
cvc-usd,cvc,usd,binance,0.02045,0.02051,0.02034,1897917.9
chz-bnb,chz,bnb,binance,0.0004238,0.0004255,0.0004222,1489746.0
chz-btc,chz,btc,binance,9.1e-07,9.1e-07,9e-07,119606911.0
chz-usd,chz,usd,binance,0.006867,0.006885,0.006867,38353938.0
band-bnb,band,bnb,binance,0.04738,0.04755,0.04735,324649.1
band-btc,band,btc,binance,0.00010183,0.00010185,0.00010171,3089596.0
band-usd,band,usd,binance,0.7697,0.7697,0.768,2123345.1
busd-usd,busd,usd,binance,0.9993,0.9993,0.9992,22721347.6
beam-bnb,beam,bnb,binance,0.01929,0.01938,0.0193,149319.0
beam-btc,beam,btc,binance,4.14e-05,4.15e-05,4.14e-05,1941149.0
beam-usd,beam,usd,binance,0.3125,0.3138,0.3129,2080490.85
xtz-bnb,xtz,bnb,binance,0.16954,0.16951,0.16902,97165.5
xtz-btc,xtz,btc,binance,0.0003626,0.0003628,0.0003623,2536641.14
xtz-usd,xtz,usd,binance,2.7414,2.7429,2.7407,9180315.96
ren-usd,ren,usd,binance,0.06499,0.06504,0.06465,2758496.4
rvn-usd,rvn,usd,binance,0.01869,0.01869,0.01867,61565677.8
hc-usd,hc,usd,binance,1.0723,1.0785,1.0717,116927.42
hbar-bnb,hbar,bnb,binance,0.002083,0.002083,0.002066,715477.0
hbar-btc,hbar,btc,binance,4.45e-06,4.45e-06,4.44e-06,21641473.0
hbar-usd,hbar,usd,binance,0.03357,0.03371,0.03356,22753717.8
nkn-bnb,nkn,bnb,binance,0.000997,0.001008,0.000997,975059.0
nkn-btc,nkn,btc,binance,2.14e-06,2.15e-06,2.14e-06,16000677.0
nkn-usd,nkn,usd,binance,0.01622,0.01622,0.01617,14173308.2
stx-bnb,stx,bnb,binance,0.00661,0.00661,0.00658,230003.0
stx-btc,stx,btc,binance,1.415e-05,1.414e-05,1.41e-05,3368054.0
stx-usd,stx,usd,binance,0.1067,0.107,0.1067,2909691.99
kava-bnb,kava,bnb,binance,0.035,0.03533,0.035,58337.6
kava-btc,kava,btc,binance,7.514e-05,7.534e-05,7.514e-05,2568336.0
kava-usd,kava,usd,binance,0.569,0.5693,0.5677,2623852.9
arpa-bnb,arpa,bnb,binance,0.000656,0.000662,0.000655,2319493.0
arpa-btc,arpa,btc,binance,1.4e-06,1.41e-06,1.4e-06,70894433.0
arpa-usd,arpa,usd,binance,0.01066,0.01067,0.01065,69874031.1
iotx-usd,iotx,usd,binance,0.002508,0.002509,0.002501,26088565.0
rlc-usd,rlc,usd,binance,0.3391,0.3406,0.339,546359.13
mco-usd,mco,usd,binance,5.141,5.155,5.12,13840.412
ctxc-bnb,ctxc,bnb,binance,0.0,0.0,0.0,0.0
ctxc-btc,ctxc,btc,binance,1.202e-05,1.204e-05,1.199e-05,1332449.0
ctxc-usd,ctxc,usd,binance,0.0911,0.0911,0.0907,810004.94
bch-bnb,bch,bnb,binance,14.901,14.912,14.868,256.093
bch-btc,bch,btc,binance,0.031914,0.031932,0.031916,15007.688
bch-usd,bch,usd,binance,241.45,241.54,241.48,76462.23949
troy-bnb,troy,bnb,binance,0.0001515,0.0001515,0.0001506,6523842.0
troy-btc,troy,btc,binance,3.3e-07,3.3e-07,3.2e-07,48429193.0
troy-usd,troy,usd,binance,0.0024289,0.002435,0.0024291,51681115.0
vite-bnb,vite,bnb,binance,0.0,0.0,0.0,0.0
vite-btc,vite,btc,binance,1.53e-06,1.53e-06,1.52e-06,7360408.0
vite-usd,vite,usd,binance,0.01152,0.01163,0.01152,3473022.0
ftt-bnb,ftt,bnb,binance,0.175,0.1767,0.1747,308.56
ftt-btc,ftt,btc,binance,0.0003761,0.0003762,0.0003752,39072.76
ftt-usd,ftt,usd,binance,2.845,2.845,2.838,33590.019
eur-usd,eur,usd,binance,1.0723,1.0748,1.0723,216903.09
ogn-bnb,ogn,bnb,binance,0.01406,0.01411,0.01402,58635.0
ogn-btc,ogn,btc,binance,3.016e-05,3.016e-05,3.012e-05,3764387.0
ogn-usd,ogn,usd,binance,0.2281,0.2283,0.2281,3563053.12
drep-bnb,drep,bnb,binance,0.0,0.0,0.0,0.0
drep-btc,drep,btc,binance,1.8e-07,1.8e-07,1.7e-07,44647011.0
drep-usd,drep,usd,binance,0.001286,0.00129,0.001286,23471627.0
bull-usd,bull,usd,binance,0.0,0.0,0.0,0.0
bear-usd,bear,usd,binance,0.0,0.0,0.0,0.0
ethbull-usd,ethbull,usd,binance,0.0,0.0,0.0,0.0
ethbear-usd,ethbear,usd,binance,0.0,0.0,0.0,0.0
tct-bnb,tct,bnb,binance,0.0,0.0,0.0,0.0
tct-btc,tct,btc,binance,8.3e-07,8.3e-07,8.2e-07,28698214.0
tct-usd,tct,usd,binance,0.006197,0.006228,0.006197,8113074.0
wrx-bnb,wrx,bnb,binance,0.008522,0.008549,0.008512,655977.0
wrx-btc,wrx,btc,binance,1.83e-05,1.83e-05,1.828e-05,11310177.0
wrx-usd,wrx,usd,binance,0.1384,0.13848,0.1384,17533704.5
bts-usd,bts,usd,binance,0.01768,0.01773,0.01761,1283993.7
lsk-usd,lsk,usd,binance,1.0588,1.0584,1.0532,131676.71
bnt-usd,bnt,usd,binance,0.2213,0.2213,0.2195,610190.37
lto-bnb,lto,bnb,binance,0.002668,0.002657,0.002631,144050.0
lto-btc,lto,btc,binance,5.66e-06,5.67e-06,5.66e-06,17545054.0
lto-usd,lto,usd,binance,0.04265,0.043,0.04275,6610096.3
eosbull-usd,eosbull,usd,binance,0.0,0.0,0.0,0.0
eosbear-usd,eosbear,usd,binance,0.0,0.0,0.0,0.0
xrpbull-usd,xrpbull,usd,binance,0.0,0.0,0.0,0.0
xrpbear-usd,xrpbear,usd,binance,0.0,0.0,0.0,0.0
strat-bnb,strat,bnb,binance,0.02001,0.02001,0.01982,28423.1
strat-usd,strat,usd,binance,0.3222,0.3248,0.3222,240891.21
aion-usd,aion,usd,binance,0.0859,0.0863,0.0859,51506342.68
mbl-bnb,mbl,bnb,binance,7.75e-05,7.87e-05,7.72e-05,279169.0
mbl-btc,mbl,btc,binance,1.6e-07,1.7e-07,1.6e-07,9283966.0
mbl-usd,mbl,usd,binance,0.001256,0.00126,0.001255,125552639.0
coti-bnb,coti,bnb,binance,0.00137,0.001376,0.001369,779180.0
coti-btc,coti,btc,binance,2.95e-06,2.94e-06,2.93e-06,30414968.0
coti-usd,coti,usd,binance,0.02217,0.02217,0.02216,14326357.9
bnbbull-usd,bnbbull,usd,binance,0.0,0.0,0.0,0.0
bnbbear-usd,bnbbear,usd,binance,0.0,0.0,0.0,0.0
stpt-bnb,stpt,bnb,binance,0.000721,0.000728,0.000725,661283.0
stpt-btc,stpt,btc,binance,1.54e-06,1.56e-06,1.55e-06,5461825.0
stpt-usd,stpt,usd,binance,0.01178,0.0118,0.01178,4259425.9
wtc-usd,wtc,usd,binance,0.2981,0.2988,0.2981,969832.89
data-usd,data,usd,binance,0.04651,0.04658,0.04653,2984674.0
xzc-usd,xzc,usd,binance,4.036,4.04,4.035,42438.58
sol-bnb,sol,bnb,binance,0.0388,0.03903,0.03879,191700.7
sol-btc,sol,btc,binance,8.343e-05,8.347e-05,8.32e-05,2930604.0
ctsi-btc,ctsi,btc,binance,6.86e-06,6.86e-06,6.85e-06,134826219.0
ctsi-usd,ctsi,usd,binance,0.05193,0.05205,0.05193,85968900.0
ctsi-bnb,ctsi,bnb,binance,0.003207,0.003206,0.003197,6366725.0
